,1 x Directeur(s) de chantier,1 x Directeur de travaux,,,,,,,,
,1 x Directeur de travaux TACES,1 x Conducteur de travaux principal,,,,,,,,
,2 x Ingénieur(s) méthode,2 x Ingénieur travaux,,,,,,,,
mercredi 4 janvier 2023,"1 x Responsable planning
1 x Responsable(s) administratif
4 x Gestionnaire(s)
1 x Responsable qualité, RCE travaux
1 x Métreur(s)
1 x Responsable CET
1 x Secrétaire(s)
2 x Chargé(s) environnement
4 x Chargé(s) sécurité
2 x Chef(s) de mission","1 x Chargé d'exploitation sous chantier
1 x Conducteur(s) travaux balisage
3 x Chef(s) de chantier
3 x Chef(s) de chantier balisage
1 x Responsable laboratoire chantier
2 x Technicien(s) labo
2 x Chargé contrôle externe Terr/ass/résx
1 x Contrôle interne topographique
1 x Chef(s) Mécanique
3 x Mécanicien(s)","1 x Directeur de travaux
2 x Conducteur(s) de travaux
3 x Chef(s) de chantier
1 x Aide(s) conducteur de travaux
1 x Projeteur","2 x Directeur de travaux
7 x Conducteur(s) de travaux
2 x Aide(s) conducteur de travaux
4 x Chef(s) de chantier
1 x Technicien(s) topo
1 x Projeteur
1 x Aide(s) topo","1 x Directeur travaux
1 x Conducteur(s) de travaux
1 x Chef(s) de chantier
1 x Projeteurs
2 x Ingénieur(s) études
1 x Responsable CET Fondations
1 x Chef(s) de chantier principal","2 x Directeur travaux
5 x Conducteur(s) de travaux
4 x Chef(s) de chantier
2 x Technicien(s) topo
3 x Chargé contrôle externe
4 x Ingénieur(s) études
15 x Projeteur
1 x Aide(s) conducteur de travaux
1 x Responsable CET GC","1 x Directeur travaux
1 x Conducteur(s) de travaux
1 x Chef(s) de chantier
1 x Chargé contrôle externe
1 x Technicien Labo","1 x BIM Manager
8 x Projeteur(s)
6 x Modeleur(s) BIM","1 x Directeur travaux
3 x Conducteur(s) de travaux
1 x Responsable(s) études",146
,1 x Responsable communication,2 x Chef(s) Topo,,,,,,,,
,5 x Projeteur(s),3 x Technicien(s) topo,,,,,,,,
,1 x Responsable métreur,3 x Aide(s) topo,,,,,,,,
